{"cameraMode":{"drawMode":0,"name":"Shaded","section":"Shading Mode"},"sceneLighting":true,"audioPlay":false,"sceneViewState":{"showFog":true,"showMaterialUpdate":false,"showSkybox":false,"showFlares":true,"showImageEffects":true,"showParticleSystems":true},"in2DMode":false,"pivot":{"x":5.293373107910156,"y":3.0767765045166017,"z":-8.505050659179688},"rotation":{"x":-0.08773113042116165,"y":0.8992738723754883,"z":-0.2118016928434372,"w":-0.37249141931533816},"size":52.205772399902347,"orthographic":false}