{"cameraMode":{"drawMode":0,"name":"Shaded","section":"Shading Mode"},"sceneLighting":false,"audioPlay":false,"sceneViewState":{"showFog":true,"showMaterialUpdate":false,"showSkybox":false,"showFlares":true,"showImageEffects":true,"showParticleSystems":true},"in2DMode":false,"pivot":{"x":-11.415650367736817,"y":-16.345783233642579,"z":-20.408966064453126},"rotation":{"x":-0.08764991164207459,"y":0.9000681638717651,"z":-0.213414266705513,"w":-0.3696608543395996},"size":0.014078337699174881,"orthographic":false}